-- phpMyAdmin SQL Dump
-- version 5.0.1
-- https://www.phpmyadmin.net/
--
-- Host: 127.0.0.1
-- Generation Time: Jun 20, 2023 at 09:33 PM
-- Server version: 10.4.11-MariaDB
-- PHP Version: 7.4.1

SET SQL_MODE = "NO_AUTO_VALUE_ON_ZERO";
SET AUTOCOMMIT = 0;
START TRANSACTION;
SET time_zone = "+00:00";


/*!40101 SET @OLD_CHARACTER_SET_CLIENT=@@CHARACTER_SET_CLIENT */;
/*!40101 SET @OLD_CHARACTER_SET_RESULTS=@@CHARACTER_SET_RESULTS */;
/*!40101 SET @OLD_COLLATION_CONNECTION=@@COLLATION_CONNECTION */;
/*!40101 SET NAMES utf8mb4 */;

--
-- Database: `siu`
--

-- --------------------------------------------------------

--
-- Table structure for table `t_bahan`
--

CREATE TABLE `t_bahan` (
  `bahan_id` int(11) NOT NULL,
  `bahan_kode` text NOT NULL,
  `bahan_nama` text NOT NULL,
  `bahan_stok` float NOT NULL DEFAULT 0,
  `bahan_satuan` text NOT NULL,
  `bahan_kategori` set('utama','pembantu') NOT NULL,
  `bahan_harga` text NOT NULL,
  `bahan_tanggal` date NOT NULL DEFAULT curdate(),
  `bahan_hapus` int(11) NOT NULL DEFAULT 0
) ENGINE=InnoDB DEFAULT CHARSET=utf8mb4;

--
-- Dumping data for table `t_bahan`
--

INSERT INTO `t_bahan` (`bahan_id`, `bahan_kode`, `bahan_nama`, `bahan_stok`, `bahan_satuan`, `bahan_kategori`, `bahan_harga`, `bahan_tanggal`, `bahan_hapus`) VALUES
(0, 'BH000', 'Produk cacat', 0, '1', 'utama', '0', '2023-05-16', 0),
(13, 'BH001', 'Plat Besi', 0, '1', 'utama', '12000', '2023-06-20', 0);

-- --------------------------------------------------------

--
-- Table structure for table `t_bank`
--

CREATE TABLE `t_bank` (
  `bank_id` int(11) NOT NULL,
  `bank_kode` text NOT NULL,
  `bank_nama` text NOT NULL,
  `bank_tanggal` date NOT NULL DEFAULT curdate()
) ENGINE=InnoDB DEFAULT CHARSET=utf8mb4;

--
-- Dumping data for table `t_bank`
--

INSERT INTO `t_bank` (`bank_id`, `bank_kode`, `bank_nama`, `bank_tanggal`) VALUES
(1, '002', 'BANK BRI', '2022-11-30'),
(2, '003', 'BANK EKSPOR INDONESIA', '2022-11-30'),
(3, '008', 'BANK MANDIRI', '2022-11-30'),
(4, '009', 'BANK BNI', '2022-11-30'),
(5, '427', 'BANK BNI SYARIAH', '2022-11-30'),
(6, '011', 'BANK DANAMON', '2022-11-30'),
(7, '013', 'PERMATA BANK', '2022-11-30'),
(8, '014', 'BANK BCA', '2022-11-30'),
(9, '016', 'BANK BII', '2022-11-30'),
(10, '019', 'BANK PANIN', '2022-11-30'),
(11, '020', 'BANK ARTA NIAGA KENCANA', '2022-11-30'),
(12, '022', 'BANK NIAGA', '2022-11-30'),
(13, '023', 'BANK BUANA IND', '2022-11-30'),
(14, '026', 'BANK LIPPO', '2022-11-30'),
(15, '028', 'BANK NISP', '2022-11-30'),
(16, '030', 'AMERICAN EXPRESS BANK LTD', '2022-11-30'),
(17, '031', 'CITIBANK N.A.', '2022-11-30'),
(18, '032', 'JP. MORGAN CHASE BANK, N.A.', '2022-11-30'),
(19, '033', 'BANK OF AMERICA, N.A', '2022-11-30'),
(20, '034', 'ING INDONESIA BANK', '2022-11-30'),
(21, '036', 'BANK MULTICOR TBK.', '2022-11-30'),
(22, '037', 'BANK ARTHA GRAHA', '2022-11-30'),
(23, '039', 'BANK CREDIT AGRICOLE INDOSUEZ', '2022-11-30'),
(24, '040', 'THE BANGKOK BANK COMP. LTD', '2022-11-30'),
(25, '041', 'THE HONGKONG & SHANGHAI B.C.', '2022-11-30'),
(26, '042', 'THE BANK OF TOKYO MITSUBISHI UFJ LTD', '2022-11-30'),
(27, '045', 'BANK SUMITOMO MITSUI INDONESIA', '2022-11-30'),
(28, '046', 'BANK DBS INDONESIA', '2022-11-30'),
(29, '047', 'BANK RESONA PERDANIA', '2022-11-30'),
(30, '048', 'BANK MIZUHO INDONESIA', '2022-11-30'),
(31, '050', 'STANDARD CHARTERED BANK', '2022-11-30'),
(32, '052', 'BANK ABN AMRO', '2022-11-30'),
(33, '053', 'BANK KEPPEL TATLEE BUANA', '2022-11-30'),
(34, '054', 'BANK CAPITAL INDONESIA, TBK.', '2022-11-30'),
(35, '057', 'BANK BNP PARIBAS INDONESIA', '2022-11-30'),
(36, '058', 'BANK UOB INDONESIA', '2022-11-30'),
(37, '059', 'KOREA EXCHANGE BANK DANAMON', '2022-11-30'),
(38, '060', 'RABOBANK INTERNASIONAL INDONESIA', '2022-11-30'),
(39, '061', 'ANZ PANIN BANK', '2022-11-30'),
(40, '067', 'DEUTSCHE BANK AG.', '2022-11-30'),
(41, '068', 'BANK WOORI INDONESIA', '2022-11-30'),
(42, '069', 'BANK OF CHINA LIMITED', '2022-11-30'),
(43, '076', 'BANK BUMI ARTA', '2022-11-30'),
(44, '087', 'BANK EKONOMI', '2022-11-30'),
(45, '088', 'BANK ANTARDAERAH', '2022-11-30'),
(46, '089', 'BANK HAGA', '2022-11-30'),
(47, '093', 'BANK IFI', '2022-11-30'),
(48, '095', 'BANK CENTURY, TBK.', '2022-11-30'),
(49, '097', 'BANK MAYAPADA', '2022-11-30'),
(50, '110', 'BANK JABAR', '2022-11-30'),
(51, '111', 'BANK DKI', '2022-11-30'),
(52, '112', 'BPD DIY', '2022-11-30'),
(53, '113', 'BANK JATENG', '2022-11-30'),
(54, '114', 'BANK JATIM', '2022-11-30'),
(55, '115', 'BPD JAMBI', '2022-11-30'),
(56, '116', 'BPD ACEH', '2022-11-30'),
(57, '117', 'BANK SUMUT', '2022-11-30'),
(58, '118', 'BANK NAGARI', '2022-11-30'),
(59, '119', 'BANK RIAU', '2022-11-30'),
(60, '120', 'BANK SUMSEL', '2022-11-30'),
(61, '121', 'BANK LAMPUNG', '2022-11-30'),
(62, '122', 'BPD KALSEL', '2022-11-30'),
(63, '123', 'BPD KALIMANTAN BARAT', '2022-11-30'),
(64, '124', 'BPD KALTIM', '2022-11-30'),
(65, '125', 'BPD KALTENG', '2022-11-30'),
(66, '126', 'BPD SULSEL', '2022-11-30'),
(67, '127', 'BANK SULUT', '2022-11-30'),
(68, '128', 'BPD NTB', '2022-11-30'),
(69, '129', 'BPD BALI', '2022-11-30'),
(70, '130', 'BANK NTT', '2022-11-30'),
(71, '131', 'BANK MALUKU', '2022-11-30'),
(72, '132', 'BPD PAPUA', '2022-11-30'),
(73, '133', 'BANK BENGKULU', '2022-11-30'),
(74, '134', 'BPD SULAWESI TENGAH', '2022-11-30'),
(75, '135', 'BANK SULTRA', '2022-11-30'),
(76, '145', 'BANK NUSANTARA PARAHYANGAN', '2022-11-30'),
(77, '146', 'BANK SWADESI', '2022-11-30'),
(78, '147', 'BANK MUAMALAT', '2022-11-30'),
(79, '151', 'BANK MESTIKA', '2022-11-30'),
(80, '152', 'BANK METRO EXPRESS', '2022-11-30'),
(81, '153', 'BANK SHINTA INDONESIA', '2022-11-30'),
(82, '157', 'BANK MASPION', '2022-11-30'),
(83, '159', 'BANK HAGAKITA', '2022-11-30'),
(84, '161', 'BANK GANESHA', '2022-11-30'),
(85, '162', 'BANK WINDU KENTJANA', '2022-11-30'),
(86, '164', 'HALIM INDONESIA BANK', '2022-11-30'),
(87, '166', 'BANK HARMONI INTERNATIONAL', '2022-11-30'),
(88, '167', 'BANK KESAWAN', '2022-11-30'),
(89, '200', 'BANK TABUNGAN NEGARA (PERSERO)', '2022-11-30'),
(90, '212', 'BANK HIMPUNAN SAUDARA 1906, TBK .', '2022-11-30'),
(91, '213', 'BANK TABUNGAN PENSIUNAN NASIONAL', '2022-11-30'),
(92, '405', 'BANK SWAGUNA', '2022-11-30'),
(93, '422', 'BANK JASA ARTA', '2022-11-30'),
(94, '426', 'BANK MEGA', '2022-11-30'),
(95, '427', 'BANK JASA JAKARTA', '2022-11-30'),
(96, '441', 'BANK BUKOPIN', '2022-11-30'),
(97, '451', 'BANK SYARIAH MANDIRI', '2022-11-30'),
(98, '459', 'BANK BISNIS INTERNASIONAL', '2022-11-30'),
(99, '466', 'BANK SRI PARTHA', '2022-11-30'),
(100, '472', 'BANK JASA JAKARTA', '2022-11-30'),
(101, '484', 'BANK BINTANG MANUNGGAL', '2022-11-30'),
(102, '485', 'BANK BUMIPUTERA', '2022-11-30'),
(103, '490', 'BANK YUDHA BHAKTI', '2022-11-30'),
(104, '491', 'BANK MITRANIAGA', '2022-11-30'),
(105, '494', 'BANK AGRO NIAGA', '2022-11-30'),
(106, '498', 'BANK INDOMONEX', '2022-11-30'),
(107, '501', 'BANK ROYAL INDONESIA', '2022-11-30'),
(108, '503', 'BANK ALFINDO', '2022-11-30'),
(109, '506', 'BANK SYARIAH MEGA', '2022-11-30'),
(110, '513', 'BANK INA PERDANA', '2022-11-30'),
(111, '517', 'BANK HARFA', '2022-11-30'),
(112, '520', 'PRIMA MASTER BANK', '2022-11-30'),
(113, '521', 'BANK PERSYARIKATAN INDONESIA', '2022-11-30'),
(114, '525', 'BANK AKITA', '2022-11-30'),
(115, '526', 'LIMAN INTERNATIONAL BANK', '2022-11-30'),
(116, '531', 'ANGLOMAS INTERNASIONAL BANK', '2022-11-30'),
(117, '523', 'BANK DIPO INTERNATIONAL', '2022-11-30'),
(118, '535', 'BANK KESEJAHTERAAN EKONOMI', '2022-11-30'),
(119, '536', 'BANK UIB', '2022-11-30'),
(120, '542', 'BANK ARTOS IND', '2022-11-30'),
(121, '547', 'BANK PURBA DANARTA', '2022-11-30'),
(122, '548', 'BANK MULTI ARTA SENTOSA', '2022-11-30'),
(123, '553', 'BANK MAYORA', '2022-11-30'),
(124, '555', 'BANK INDEX SELINDO', '2022-11-30'),
(125, '566', 'BANK VICTORIA INTERNATIONAL', '2022-11-30'),
(126, '558', 'BANK EKSEKUTIF', '2022-11-30'),
(127, '559', 'CENTRATAMA NASIONAL BANK', '2022-11-30'),
(128, '562', 'BANK FAMA INTERNASIONAL', '2022-11-30'),
(129, '564', 'BANK SINAR HARAPAN BALI', '2022-11-30'),
(130, '567', 'BANK HARDA', '2022-11-30'),
(131, '945', 'BANK FINCONESIA', '2022-11-30'),
(132, '946', 'BANK MERINCORP', '2022-11-30'),
(133, '947', 'BANK MAYBANK INDOCORP', '2022-11-30'),
(134, '948', 'BANK OCBC – INDONESIA', '2022-11-30'),
(135, '949', 'BANK CHINA TRUST INDONESIA', '2022-11-30'),
(136, '950', 'BANK COMMONWEALTH', '2022-11-30'),
(137, '425', 'BANK BJB SYARIAH', '2022-11-30'),
(138, '688', 'BPR KS (KARYAJATNIKA SEDAYA)', '2022-11-30'),
(139, '789', 'INDOSAT DOMPETKU', '2022-11-30'),
(140, '911', 'TELKOMSEL TCASH', '2022-11-30'),
(141, '911', 'LINKAJA', '2022-11-30');

-- --------------------------------------------------------

--
-- Table structure for table `t_billet`
--

CREATE TABLE `t_billet` (
  `billet_id` int(11) NOT NULL,
  `billet_full` text DEFAULT '0',
  `billet_min` text DEFAULT '0',
  `billet_stok` text DEFAULT '0',
  `billet_sisa` text DEFAULT '0',
  `billet_hpp` text DEFAULT '9',
  `billet_hps` text DEFAULT '0',
  `billet_update` date NOT NULL DEFAULT curdate()
) ENGINE=InnoDB DEFAULT CHARSET=utf8mb4;

--
-- Dumping data for table `t_billet`
--

INSERT INTO `t_billet` (`billet_id`, `billet_full`, `billet_min`, `billet_stok`, `billet_sisa`, `billet_hpp`, `billet_hps`, `billet_update`) VALUES
(1, '0', '0', '0', '0', '0', '0', '2023-06-08');

-- --------------------------------------------------------

--
-- Table structure for table `t_coa`
--

CREATE TABLE `t_coa` (
  `coa_id` int(11) NOT NULL,
  `coa_nomor` text NOT NULL,
  `coa_akun` text NOT NULL,
  `coa_sub` text NOT NULL,
  `coa_tanggal` date NOT NULL DEFAULT curdate()
) ENGINE=InnoDB DEFAULT CHARSET=utf8mb4;

--
-- Dumping data for table `t_coa`
--

INSERT INTO `t_coa` (`coa_id`, `coa_nomor`, `coa_akun`, `coa_sub`, `coa_tanggal`) VALUES
(1, '112', 'Kas', '1', '2023-01-27'),
(2, '113', 'Piutang', '1', '2023-01-27'),
(3, '114', 'Stok produk', '1', '2023-01-27'),
(4, '115', 'Stok bahan baku', '1', '2023-01-27'),
(5, '116', 'Stok billet', '1', '2023-01-27'),
(6, '122', 'Utang', '2', '2023-01-27'),
(7, '132', 'Saldo', '3', '2023-01-27'),
(8, '142', 'Penjualan produk', '4', '2023-01-27'),
(9, '152', 'Biaya produksi', '5', '2023-01-27'),
(10, '153', 'Penyesuaian stok', '5', '2023-03-14');

-- --------------------------------------------------------

--
-- Table structure for table `t_coa_sub`
--

CREATE TABLE `t_coa_sub` (
  `coa_sub_id` int(11) NOT NULL,
  `coa_sub_nomor` text NOT NULL,
  `coa_sub_akun` text NOT NULL,
  `coa_sub_plus` text NOT NULL,
  `coa_sub_min` text NOT NULL,
  `coa_sub_tanggal` date NOT NULL DEFAULT curdate()
) ENGINE=InnoDB DEFAULT CHARSET=utf8mb4;

--
-- Dumping data for table `t_coa_sub`
--

INSERT INTO `t_coa_sub` (`coa_sub_id`, `coa_sub_nomor`, `coa_sub_akun`, `coa_sub_plus`, `coa_sub_min`, `coa_sub_tanggal`) VALUES
(1, '111', 'Harta', 'D', 'K', '2023-01-27'),
(2, '121', 'Utang', 'K', 'D', '2023-01-27'),
(3, '131', 'Modal', 'K', 'D', '2023-01-27'),
(4, '141', 'Pendapatan', 'K', 'D', '2023-01-27'),
(5, '151', 'Beban', 'D', 'K', '2023-01-27');

-- --------------------------------------------------------

--
-- Table structure for table `t_jurnal`
--

CREATE TABLE `t_jurnal` (
  `jurnal_id` int(11) NOT NULL,
  `jurnal_nomor` text NOT NULL,
  `jurnal_akun` text NOT NULL,
  `jurnal_keterangan` text NOT NULL,
  `jurnal_type` enum('debit','kredit') NOT NULL,
  `jurnal_nominal` text NOT NULL,
  `jurnal_hapus` int(11) NOT NULL DEFAULT 0,
  `jurnal_tanggal` date NOT NULL DEFAULT curdate()
) ENGINE=InnoDB DEFAULT CHARSET=utf8mb4;

-- --------------------------------------------------------

--
-- Table structure for table `t_karyawan`
--

CREATE TABLE `t_karyawan` (
  `karyawan_id` int(11) NOT NULL,
  `karyawan_nama` text NOT NULL,
  `karyawan_telp` text NOT NULL,
  `karyawan_alamat` text NOT NULL,
  `karyawan_tanggal` date NOT NULL DEFAULT curdate(),
  `karyawan_hapus` int(11) NOT NULL DEFAULT 0
) ENGINE=InnoDB DEFAULT CHARSET=utf8mb4;

-- --------------------------------------------------------

--
-- Table structure for table `t_kontak`
--

CREATE TABLE `t_kontak` (
  `kontak_id` int(11) NOT NULL,
  `kontak_jenis` set('s','p') NOT NULL,
  `kontak_kode` text NOT NULL,
  `kontak_nama` text NOT NULL,
  `kontak_alamat` text NOT NULL,
  `kontak_tlp` text NOT NULL,
  `kontak_email` text NOT NULL,
  `kontak_rek` text NOT NULL,
  `kontak_bank` text NOT NULL,
  `kontak_npwp` text NOT NULL,
  `kontak_tanggal` date NOT NULL DEFAULT curdate(),
  `kontak_hapus` int(11) NOT NULL DEFAULT 0
) ENGINE=InnoDB DEFAULT CHARSET=utf8mb4;

-- --------------------------------------------------------

--
-- Table structure for table `t_level`
--

CREATE TABLE `t_level` (
  `level_id` int(11) NOT NULL,
  `level_nama` text DEFAULT NULL,
  `level_akses` text DEFAULT NULL,
  `level_tanggal` date DEFAULT curdate(),
  `level_hapus` int(11) DEFAULT 0
) ENGINE=InnoDB DEFAULT CHARSET=utf8mb4;

--
-- Dumping data for table `t_level`
--

INSERT INTO `t_level` (`level_id`, `level_nama`, `level_akses`, `level_tanggal`, `level_hapus`) VALUES
(3, 'Kasir', '{\"nama\":\"Kasir\",\"menu_dashboard\":\"0\",\"menu_kontak\":\"0\",\"karyawan\":\"0\",\"karyawan_add\":\"0\",\"karyawan_del\":\"0\",\"supplier\":\"0\",\"supplier_add\":\"0\",\"supplier_del\":\"0\",\"pelanggan\":\"0\",\"pelanggan_add\":\"0\",\"pelanggan_del\":\"0\",\"rekening\":\"0\",\"rekening_add\":\"0\",\"rekening_del\":\"0\",\"menu_pembelian\":\"0\",\"bahan\":\"1\",\"bahan_add\":\"0\",\"bahan_del\":\"0\",\"bahan_po\":\"1\",\"bahan_po_add\":\"1\",\"bahan_po_del\":\"1\",\"pembelian_bahan\":\"1\",\"pembelian_bahan_add\":\"1\",\"pembelian_bahan_del\":\"1\",\"pembelian_umum\":\"1\",\"pembelian_umum_add\":\"1\",\"pembelian_umum_del\":\"1\",\"hutang\":\"1\",\"hutang_add\":\"1\",\"menu_produksi\":\"0\",\"mesin\":\"0\",\"mesin_add\":\"0\",\"mesin_del\":\"0\",\"peleburan\":\"0\",\"peleburan_add\":\"0\",\"peleburan_del\":\"0\",\"produksi\":\"0\",\"produksi_add\":\"0\",\"produksi_del\":\"0\",\"pewarnaan\":\"0\",\"pewarnaan_add\":\"0\",\"pewarnaan_del\":\"0\",\"packing\":\"0\",\"packing_add\":\"0\",\"packing_del\":\"0\",\"menu_produk\":\"0\",\"jenis_pewarnaan\":\"0\",\"jenis_pewarnaan_add\":\"0\",\"warna_produk\":\"0\",\"warna_produk_add\":\"0\",\"warna_produk_del\":\"0\",\"master_produk\":\"1\",\"master_produk_add\":\"0\",\"master_produk_del\":\"0\",\"menu_penjualan\":\"0\",\"penjualan_po\":\"1\",\"penjualan_po_add\":\"1\",\"penjualan_po_del\":\"1\",\"penjualan_produk\":\"1\",\"penjualan_produk_add\":\"1\",\"penjualan_produk_del\":\"1\",\"piutang\":\"1\",\"piutang_add\":\"1\",\"menu_keuangan\":\"0\",\"coa\":\"0\",\"coa_add\":\"0\",\"coa_del\":\"0\",\"kas\":\"0\",\"kas_add\":\"0\",\"kas_del\":\"0\",\"jurnal\":\"0\",\"jurnal_add\":\"0\",\"jurnal_del\":\"0\",\"buku_besar\":\"0\",\"buku_besar_add\":\"0\",\"buku_besar_del\":\"0\",\"penyesuaian\":\"0\",\"penyesuaian_add\":\"0\",\"penyesuaian_del\":\"0\",\"menu_laporan\":\"0\",\"laporan_bahan\":\"1\",\"laporan_produk\":\"1\",\"laporan_produksi\":\"0\",\"laporan_pembelian_po\":\"1\",\"laporan_pembelian\":\"1\",\"laporan_hutang\":\"1\",\"laporan_hutang_jatuh_tampo\":\"1\",\"laporan_penjualan\":\"1\",\"laporan_piutang\":\"1\",\"laporan_piutang_jatuh_tampo\":\"1\",\"laporan_packing\":\"0\",\"menu_inventori\":\"0\",\"opname_pembelian\":\"0\",\"opname_penjualan\":\"0\",\"penyesuaian_stok\":\"0\",\"penyesuaian_stok_add\":\"0\",\"penyesuaian_stok_del\":\"0\",\"menu_akun\":\"0\",\"akses\":\"0\",\"akses_add\":\"0\",\"akses_del\":\"0\",\"user_akun\":\"0\",\"user_akun_add\":\"0\",\"user_akun_del\":\"0\",\"admin_akun\":\"0\",\"admin_akun_add\":\"0\",\"admin_akun_del\":\"0\",\"menu_pengaturan\":\"0\",\"pajak\":\"0\",\"pajak_add\":\"0\",\"backup\":\"0\",\"informasi\":\"0\"}', '2023-06-01', 0);

-- --------------------------------------------------------

--
-- Table structure for table `t_logo`
--

CREATE TABLE `t_logo` (
  `logo_id` int(11) NOT NULL,
  `logo_foto` text NOT NULL,
  `logo_nama` text NOT NULL,
  `logo_telp` text NOT NULL,
  `logo_kota` text NOT NULL,
  `logo_alamat` text NOT NULL
) ENGINE=InnoDB DEFAULT CHARSET=utf8mb4;

--
-- Dumping data for table `t_logo`
--

INSERT INTO `t_logo` (`logo_id`, `logo_foto`, `logo_nama`, `logo_telp`, `logo_kota`, `logo_alamat`) VALUES
(1, '4648cfd06fcb95cf753cadcb1999c8ff.jpg', 'WEB APLIKASI SIU', '021-7980421', 'Jakarta', 'JL. Raya Pasar Minggu No. 17 Jakarta Selatan 12520');

-- --------------------------------------------------------

--
-- Table structure for table `t_mesin`
--

CREATE TABLE `t_mesin` (
  `mesin_id` int(11) NOT NULL,
  `mesin_kode` text NOT NULL,
  `mesin_nama` text NOT NULL,
  `mesin_hapus` int(11) NOT NULL DEFAULT 0,
  `mesin_tanggal` date NOT NULL DEFAULT curdate()
) ENGINE=InnoDB DEFAULT CHARSET=utf8mb4;

--
-- Dumping data for table `t_mesin`
--

INSERT INTO `t_mesin` (`mesin_id`, `mesin_kode`, `mesin_nama`, `mesin_hapus`, `mesin_tanggal`) VALUES
(6, 'BOR-177', 'Mesin Bor', 0, '2023-06-20');

-- --------------------------------------------------------

--
-- Table structure for table `t_packing`
--

CREATE TABLE `t_packing` (
  `packing_id` int(11) NOT NULL,
  `packing_nomor` text DEFAULT NULL,
  `packing_user` text DEFAULT NULL,
  `packing_tanggal` date DEFAULT curdate(),
  `packing_hapus` int(11) DEFAULT 0
) ENGINE=InnoDB DEFAULT CHARSET=utf8mb4;

-- --------------------------------------------------------

--
-- Table structure for table `t_packing_barang`
--

CREATE TABLE `t_packing_barang` (
  `packing_barang_id` int(11) NOT NULL,
  `packing_barang_nomor` text DEFAULT NULL,
  `packing_barang_barang` text DEFAULT NULL,
  `packing_barang_stok` text DEFAULT NULL,
  `packing_barang_jenis` text DEFAULT NULL,
  `packing_barang_warna` text DEFAULT NULL,
  `packing_barang_qty` text DEFAULT NULL
) ENGINE=InnoDB DEFAULT CHARSET=utf8mb4;

-- --------------------------------------------------------

--
-- Table structure for table `t_pajak`
--

CREATE TABLE `t_pajak` (
  `pajak_id` int(11) NOT NULL,
  `pajak_jenis` enum('pembelian','penjualan') NOT NULL,
  `pajak_persen` text NOT NULL,
  `pajak_tanggal` date NOT NULL DEFAULT curdate(),
  `pajak_update` timestamp NOT NULL DEFAULT current_timestamp()
) ENGINE=InnoDB DEFAULT CHARSET=utf8mb4;

--
-- Dumping data for table `t_pajak`
--

INSERT INTO `t_pajak` (`pajak_id`, `pajak_jenis`, `pajak_persen`, `pajak_tanggal`, `pajak_update`) VALUES
(1, 'pembelian', '11', '2022-12-03', '2022-12-02 17:49:05'),
(2, 'penjualan', '11', '2022-12-03', '2022-12-02 17:49:10');

-- --------------------------------------------------------

--
-- Table structure for table `t_peleburan`
--

CREATE TABLE `t_peleburan` (
  `peleburan_id` int(11) NOT NULL,
  `peleburan_nomor` text NOT NULL,
  `peleburan_tanggal` date NOT NULL,
  `peleburan_qty_akhir` text DEFAULT NULL,
  `peleburan_jasa` text DEFAULT NULL,
  `peleburan_billet` text DEFAULT NULL,
  `peleburan_billet_sisa` text DEFAULT NULL,
  `peleburan_biaya` text DEFAULT NULL,
  `peleburan_hapus` int(11) NOT NULL DEFAULT 0
) ENGINE=InnoDB DEFAULT CHARSET=utf8mb4;

-- --------------------------------------------------------

--
-- Table structure for table `t_peleburan_barang`
--

CREATE TABLE `t_peleburan_barang` (
  `peleburan_barang_id` int(11) NOT NULL,
  `peleburan_barang_nomor` text NOT NULL,
  `peleburan_barang_barang` text NOT NULL,
  `peleburan_barang_qty` text NOT NULL,
  `peleburan_barang_harga` text NOT NULL,
  `peleburan_barang_subtotal` text NOT NULL,
  `peleburan_barang_tanggal` date NOT NULL DEFAULT curdate()
) ENGINE=InnoDB DEFAULT CHARSET=utf8mb4;

-- --------------------------------------------------------

--
-- Table structure for table `t_pembelian`
--

CREATE TABLE `t_pembelian` (
  `pembelian_id` int(11) NOT NULL,
  `pembelian_user` text NOT NULL,
  `pembelian_po` int(11) NOT NULL DEFAULT 0,
  `pembelian_po_tanggal` text NOT NULL DEFAULT '',
  `pembelian_nomor` text NOT NULL,
  `pembelian_supplier` text NOT NULL,
  `pembelian_tanggal` date NOT NULL,
  `pembelian_jatuh_tempo` date NOT NULL,
  `pembelian_status` enum('lunas','belum') NOT NULL COMMENT 'l = lunas | b = belum lunas',
  `pembelian_hutang` enum('1','0') NOT NULL DEFAULT '0' COMMENT '1 = ada hutang | 0 = tidak ada',
  `pembelian_pelunasan` text DEFAULT NULL,
  `pembelian_pelunasan_keterangan` text NOT NULL,
  `pembelian_pembayaran` text DEFAULT NULL,
  `pembelian_keterangan` text NOT NULL,
  `pembelian_lampiran` text NOT NULL,
  `pembelian_qty_akhir` text DEFAULT NULL,
  `pembelian_ppn` text DEFAULT NULL,
  `pembelian_total` text DEFAULT NULL,
  `pembelian_hapus` int(11) NOT NULL DEFAULT 0
) ENGINE=InnoDB DEFAULT CHARSET=utf8mb4;

-- --------------------------------------------------------

--
-- Table structure for table `t_pembelian_barang`
--

CREATE TABLE `t_pembelian_barang` (
  `pembelian_barang_id` int(11) NOT NULL,
  `pembelian_barang_nomor` text NOT NULL,
  `pembelian_barang_barang` text NOT NULL,
  `pembelian_barang_stok` text NOT NULL,
  `pembelian_barang_qty` text NOT NULL,
  `pembelian_barang_potongan` text NOT NULL,
  `pembelian_barang_harga` text NOT NULL,
  `pembelian_barang_subtotal` text NOT NULL
) ENGINE=InnoDB DEFAULT CHARSET=utf8mb4;

-- --------------------------------------------------------

--
-- Table structure for table `t_pembelian_umum`
--

CREATE TABLE `t_pembelian_umum` (
  `pembelian_umum_id` int(11) NOT NULL,
  `pembelian_umum_user` text NOT NULL,
  `pembelian_umum_nomor` text NOT NULL,
  `pembelian_umum_tanggal` date NOT NULL DEFAULT curdate(),
  `pembelian_umum_jatuh_tempo` text NOT NULL,
  `pembelian_umum_status` enum('lunas','belum') NOT NULL COMMENT 'l = lunas | b = belum',
  `pembelian_umum_hutang` enum('1','0') NOT NULL COMMENT '1 = ada hutang | 0 = tidak ada',
  `pembelian_umum_pelunasan` text DEFAULT NULL,
  `pembelian_umum_pelunasan_keterangan` text DEFAULT NULL,
  `pembelian_umum_pembayaran` text NOT NULL,
  `pembelian_umum_keterangan` text NOT NULL,
  `pembelian_umum_lampiran` text NOT NULL,
  `pembelian_umum_qty_akhir` text NOT NULL,
  `pembelian_umum_ppn` text NOT NULL,
  `pembelian_umum_total` text NOT NULL,
  `pembelian_umum_hapus` int(11) NOT NULL DEFAULT 0
) ENGINE=InnoDB DEFAULT CHARSET=utf8mb4;

-- --------------------------------------------------------

--
-- Table structure for table `t_pembelian_umum_barang`
--

CREATE TABLE `t_pembelian_umum_barang` (
  `pembelian_umum_barang_id` int(11) NOT NULL,
  `pembelian_umum_barang_nomor` text NOT NULL,
  `pembelian_umum_barang_barang` text NOT NULL,
  `pembelian_umum_barang_qty` text NOT NULL,
  `pembelian_umum_barang_potongan` text NOT NULL,
  `pembelian_umum_barang_harga` text NOT NULL,
  `pembelian_umum_barang_subtotal` text NOT NULL
) ENGINE=InnoDB DEFAULT CHARSET=utf8mb4;

-- --------------------------------------------------------

--
-- Table structure for table `t_penjualan`
--

CREATE TABLE `t_penjualan` (
  `penjualan_id` int(11) NOT NULL,
  `penjualan_po` int(11) NOT NULL DEFAULT 0,
  `penjualan_nomor` text NOT NULL,
  `penjualan_pelanggan` text NOT NULL,
  `penjualan_tanggal` date NOT NULL,
  `penjualan_jatuh_tempo` date NOT NULL,
  `penjualan_pembayaran` text DEFAULT NULL,
  `penjualan_keterangan` text NOT NULL,
  `penjualan_lampiran` text NOT NULL,
  `penjualan_qty_akhir` text DEFAULT NULL,
  `penjualan_ppn` text DEFAULT NULL,
  `penjualan_total` text DEFAULT NULL,
  `penjualan_piutang` enum('1','0') DEFAULT '0' COMMENT '1 = ada piutang , 0 = tidak ada',
  `penjualan_status` set('lunas','belum') NOT NULL,
  `penjualan_pelunasan` date DEFAULT NULL,
  `penjualan_pelunasan_jumlah` text DEFAULT '0',
  `penjualan_pelunasan_keterangan` text DEFAULT NULL,
  `penjualan_hapus` int(11) NOT NULL DEFAULT 0
) ENGINE=InnoDB DEFAULT CHARSET=utf8mb4;

-- --------------------------------------------------------

--
-- Table structure for table `t_penjualan_barang`
--

CREATE TABLE `t_penjualan_barang` (
  `penjualan_barang_id` int(11) NOT NULL,
  `penjualan_barang_nomor` text NOT NULL,
  `penjualan_barang_barang` text NOT NULL,
  `penjualan_barang_jenis` text NOT NULL,
  `penjualan_barang_warna` text NOT NULL,
  `penjualan_barang_stok` text NOT NULL,
  `penjualan_barang_qty` text NOT NULL,
  `penjualan_barang_potongan` text NOT NULL,
  `penjualan_barang_harga` text NOT NULL,
  `penjualan_barang_hps` text NOT NULL,
  `penjualan_barang_subtotal` text NOT NULL
) ENGINE=InnoDB DEFAULT CHARSET=utf8mb4;

-- --------------------------------------------------------

--
-- Table structure for table `t_penyesuaian`
--

CREATE TABLE `t_penyesuaian` (
  `penyesuaian_id` int(11) NOT NULL,
  `penyesuaian_nomor` text DEFAULT NULL,
  `penyesuaian_jenis` enum('penjualan','pembelian') NOT NULL,
  `penyesuaian_transaksi` enum('perhitungan','masuk','keluar') NOT NULL,
  `penyesuaian_kategori` enum('umum','rusak') NOT NULL,
  `penyesuaian_keterangan` text DEFAULT NULL,
  `penyesuaian_tanggal` date DEFAULT NULL,
  `penyesuaian_hapus` int(11) DEFAULT 0
) ENGINE=InnoDB DEFAULT CHARSET=utf8mb4;

-- --------------------------------------------------------

--
-- Table structure for table `t_penyesuaian_barang`
--

CREATE TABLE `t_penyesuaian_barang` (
  `penyesuaian_barang_id` int(11) NOT NULL,
  `penyesuaian_barang_nomor` text DEFAULT NULL,
  `penyesuaian_barang_barang` text DEFAULT NULL,
  `penyesuaian_barang_jenis` text DEFAULT NULL,
  `penyesuaian_barang_warna` text DEFAULT NULL,
  `penyesuaian_barang_jumlah` text DEFAULT NULL,
  `penyesuaian_barang_stok` text DEFAULT NULL,
  `penyesuaian_barang_selisih` text DEFAULT NULL,
  `penyesuaian_barang_status` enum('bertambah','berkurang') DEFAULT NULL
) ENGINE=InnoDB DEFAULT CHARSET=utf8mb4;

-- --------------------------------------------------------

--
-- Table structure for table `t_pewarnaan`
--

CREATE TABLE `t_pewarnaan` (
  `pewarnaan_id` int(11) NOT NULL,
  `pewarnaan_nomor` text DEFAULT NULL,
  `pewarnaan_user` text DEFAULT NULL,
  `pewarnaan_tanggal` date DEFAULT curdate(),
  `pewarnaan_hapus` int(11) DEFAULT 0
) ENGINE=InnoDB DEFAULT CHARSET=utf8mb4;

-- --------------------------------------------------------

--
-- Table structure for table `t_pewarnaan_barang`
--

CREATE TABLE `t_pewarnaan_barang` (
  `pewarnaan_barang_id` int(11) NOT NULL,
  `pewarnaan_barang_nomor` text DEFAULT NULL,
  `pewarnaan_barang_barang` text DEFAULT NULL,
  `pewarnaan_barang_stok` text DEFAULT NULL,
  `pewarnaan_barang_jenis` text DEFAULT NULL,
  `pewarnaan_barang_warna` text DEFAULT NULL,
  `pewarnaan_barang_qty` text DEFAULT NULL,
  `pewarnaan_barang_cacat` text DEFAULT NULL
) ENGINE=InnoDB DEFAULT CHARSET=utf8mb4;

-- --------------------------------------------------------

--
-- Table structure for table `t_produk`
--

CREATE TABLE `t_produk` (
  `produk_id` int(11) NOT NULL,
  `produk_kode` text NOT NULL,
  `produk_nama` text NOT NULL,
  `produk_satuan` text NOT NULL,
  `produk_merk` text NOT NULL,
  `produk_ketebalan` text NOT NULL,
  `produk_panjang` text NOT NULL,
  `produk_lebar` text NOT NULL,
  `produk_berat` text NOT NULL,
  `produk_keterangan` text NOT NULL,
  `produk_colly` text NOT NULL COMMENT 'jumlah isi / pack',
  `produk_update` date NOT NULL DEFAULT curdate(),
  `produk_tanggal` date NOT NULL DEFAULT curdate(),
  `produk_hapus` int(11) NOT NULL DEFAULT 0
) ENGINE=InnoDB DEFAULT CHARSET=utf8mb4;

-- --------------------------------------------------------

--
-- Table structure for table `t_produksi`
--

CREATE TABLE `t_produksi` (
  `produksi_id` int(11) NOT NULL,
  `produksi_nomor` text NOT NULL,
  `produksi_tanggal` date NOT NULL,
  `produksi_shift` text NOT NULL,
  `produksi_pekerja` text DEFAULT NULL,
  `produksi_keterangan` text NOT NULL,
  `produksi_mesin` text DEFAULT NULL,
  `produksi_lampiran_1` text DEFAULT NULL,
  `produksi_lampiran_2` text DEFAULT NULL,
  `produksi_barang_qty` text DEFAULT NULL,
  `produksi_total_produksi` text DEFAULT NULL,
  `produksi_billet_hps` text DEFAULT NULL,
  `produksi_billet_qty` text DEFAULT NULL,
  `produksi_jasa` text DEFAULT NULL,
  `produksi_total_akhir` text DEFAULT NULL,
  `produksi_billet_sisa` text DEFAULT '0',
  `produksi_hapus` int(11) DEFAULT 0
) ENGINE=InnoDB DEFAULT CHARSET=utf8mb4;

-- --------------------------------------------------------

--
-- Table structure for table `t_produksi_barang`
--

CREATE TABLE `t_produksi_barang` (
  `produksi_barang_id` int(11) NOT NULL,
  `produksi_barang_nomor` text NOT NULL,
  `produksi_barang_matras` text NOT NULL DEFAULT '0',
  `produksi_barang_barang` text NOT NULL,
  `produksi_barang_stok` text NOT NULL DEFAULT '0',
  `produksi_barang_berat` text NOT NULL DEFAULT '0',
  `produksi_barang_qty` text NOT NULL,
  `produksi_barang_subtotal` text NOT NULL,
  `produksi_barang_tanggal` date NOT NULL DEFAULT curdate()
) ENGINE=InnoDB DEFAULT CHARSET=utf8mb4;

-- --------------------------------------------------------

--
-- Table structure for table `t_produk_barang`
--

CREATE TABLE `t_produk_barang` (
  `produk_barang_id` int(11) NOT NULL,
  `produk_barang_barang` text NOT NULL,
  `produk_barang_stok` text DEFAULT '0',
  `produk_barang_packing` text DEFAULT '0',
  `produk_barang_jenis` text NOT NULL,
  `produk_barang_warna` text NOT NULL,
  `produk_barang_hps` text DEFAULT '0',
  `produk_barang_harga` text DEFAULT '0',
  `produk_barang_tanggal` date NOT NULL DEFAULT curdate()
) ENGINE=InnoDB DEFAULT CHARSET=utf8mb4;

-- --------------------------------------------------------

--
-- Table structure for table `t_rekening`
--

CREATE TABLE `t_rekening` (
  `rekening_id` int(11) NOT NULL,
  `rekening_nama` text NOT NULL,
  `rekening_bank` text NOT NULL,
  `rekening_no` text NOT NULL,
  `rekening_tanggal` date NOT NULL DEFAULT curdate(),
  `rekening_hapus` int(11) NOT NULL DEFAULT 0
) ENGINE=InnoDB DEFAULT CHARSET=utf8mb4;

-- --------------------------------------------------------

--
-- Table structure for table `t_satuan`
--

CREATE TABLE `t_satuan` (
  `satuan_id` int(11) NOT NULL,
  `satuan_kepanjangan` text NOT NULL,
  `satuan_singkatan` text NOT NULL,
  `satuan_tanggal` date NOT NULL DEFAULT curdate(),
  `satuan_hapus` int(11) NOT NULL DEFAULT 0
) ENGINE=InnoDB DEFAULT CHARSET=utf8mb4;

--
-- Dumping data for table `t_satuan`
--

INSERT INTO `t_satuan` (`satuan_id`, `satuan_kepanjangan`, `satuan_singkatan`, `satuan_tanggal`, `satuan_hapus`) VALUES
(1, 'Kilogram', 'Kg', '2022-12-05', 0),
(2, '1 Kardus', 'Dus', '2022-12-05', 0),
(3, '1 Pak', 'Pak', '2022-12-05', 0),
(4, '1 Box', 'Box', '2022-12-05', 0),
(5, 'Gram', 'Gr', '2022-12-05', 0),
(6, 'Gelas', 'Gls', '2022-12-05', 0),
(7, 'Pieces', 'PCS', '2023-01-06', 0),
(8, 'Batang', 'Btg', '2023-04-14', 0);

-- --------------------------------------------------------

--
-- Table structure for table `t_user`
--

CREATE TABLE `t_user` (
  `user_id` int(11) NOT NULL,
  `user_email` text DEFAULT NULL,
  `user_password` text DEFAULT NULL,
  `user_name` varchar(50) DEFAULT NULL,
  `user_ttl` date DEFAULT NULL,
  `user_nohp` text DEFAULT NULL,
  `user_alamat` text DEFAULT NULL,
  `user_biodata` text DEFAULT NULL,
  `user_foto` text DEFAULT NULL,
  `user_level` int(11) DEFAULT NULL,
  `user_pelajaran` text DEFAULT NULL,
  `user_kelas` text DEFAULT NULL,
  `user_email_2` text DEFAULT NULL,
  `user_tanggal` date DEFAULT curdate(),
  `user_hapus` int(11) DEFAULT 0
) ENGINE=InnoDB DEFAULT CHARSET=latin1;

--
-- Dumping data for table `t_user`
--

INSERT INTO `t_user` (`user_id`, `user_email`, `user_password`, `user_name`, `user_ttl`, `user_nohp`, `user_alamat`, `user_biodata`, `user_foto`, `user_level`, `user_pelajaran`, `user_kelas`, `user_email_2`, `user_tanggal`, `user_hapus`) VALUES
(5, 'admin@admin.com', '21232f297a57a5a743894a0e4a801fc3', 'JTM', '2021-11-09', '085555111555', 'Alamat', 'Biodata', '4c293a141d8c17800a44b816d35238cd.png', 0, NULL, NULL, NULL, '2023-02-09', 0),
(78, 'siskaeee@gmail.com', 'afa0b885505255964c06188e2b4e8f59', 'Siska Elisa', NULL, NULL, NULL, NULL, NULL, 3, NULL, NULL, NULL, '2022-12-04', 0),
(84, 'kasir@gmail.com', 'c7911af3adbd12a035b289556d96470a', 'Kasir JTM', NULL, NULL, NULL, NULL, NULL, 3, NULL, NULL, NULL, '2023-06-02', 0);

-- --------------------------------------------------------

--
-- Table structure for table `t_warna`
--

CREATE TABLE `t_warna` (
  `warna_id` int(11) NOT NULL,
  `warna_kode` text NOT NULL,
  `warna_jenis` text NOT NULL,
  `warna_nama` text NOT NULL,
  `warna_keterangan` text NOT NULL,
  `warna_tanggal` date NOT NULL DEFAULT curdate(),
  `warna_hapus` int(11) NOT NULL DEFAULT 0
) ENGINE=InnoDB DEFAULT CHARSET=utf8mb4;

--
-- Dumping data for table `t_warna`
--

INSERT INTO `t_warna` (`warna_id`, `warna_kode`, `warna_jenis`, `warna_nama`, `warna_keterangan`, `warna_tanggal`, `warna_hapus`) VALUES
(0, 'WR000', '3', 'Tanpa Warna', '-', '2023-02-18', 0);

-- --------------------------------------------------------

--
-- Table structure for table `t_warna_jenis`
--

CREATE TABLE `t_warna_jenis` (
  `warna_jenis_id` int(11) NOT NULL,
  `warna_jenis_kode` text NOT NULL,
  `warna_jenis_type` text NOT NULL,
  `warna_jenis_keterangan` text NOT NULL,
  `warna_jenis_hapus` int(11) NOT NULL DEFAULT 0,
  `warna_jenis_tanggal` date NOT NULL DEFAULT curdate()
) ENGINE=InnoDB DEFAULT CHARSET=utf8mb4;

--
-- Dumping data for table `t_warna_jenis`
--

INSERT INTO `t_warna_jenis` (`warna_jenis_id`, `warna_jenis_kode`, `warna_jenis_type`, `warna_jenis_keterangan`, `warna_jenis_hapus`, `warna_jenis_tanggal`) VALUES
(1, 'JN001', 'Anodizing', 'Warna CA / BR', 0, '2023-01-04'),
(2, 'JN002', 'Powder Coating', 'Warna warni', 0, '2023-01-04'),
(3, 'JN003', 'MF', 'Tidak di warnai', 0, '2023-01-04');

--
-- Indexes for dumped tables
--

--
-- Indexes for table `t_bahan`
--
ALTER TABLE `t_bahan`
  ADD PRIMARY KEY (`bahan_id`);

--
-- Indexes for table `t_bank`
--
ALTER TABLE `t_bank`
  ADD PRIMARY KEY (`bank_id`);

--
-- Indexes for table `t_billet`
--
ALTER TABLE `t_billet`
  ADD PRIMARY KEY (`billet_id`);

--
-- Indexes for table `t_coa`
--
ALTER TABLE `t_coa`
  ADD PRIMARY KEY (`coa_id`);

--
-- Indexes for table `t_coa_sub`
--
ALTER TABLE `t_coa_sub`
  ADD PRIMARY KEY (`coa_sub_id`);

--
-- Indexes for table `t_jurnal`
--
ALTER TABLE `t_jurnal`
  ADD PRIMARY KEY (`jurnal_id`);

--
-- Indexes for table `t_karyawan`
--
ALTER TABLE `t_karyawan`
  ADD PRIMARY KEY (`karyawan_id`);

--
-- Indexes for table `t_kontak`
--
ALTER TABLE `t_kontak`
  ADD PRIMARY KEY (`kontak_id`);

--
-- Indexes for table `t_level`
--
ALTER TABLE `t_level`
  ADD PRIMARY KEY (`level_id`);

--
-- Indexes for table `t_logo`
--
ALTER TABLE `t_logo`
  ADD PRIMARY KEY (`logo_id`);

--
-- Indexes for table `t_mesin`
--
ALTER TABLE `t_mesin`
  ADD PRIMARY KEY (`mesin_id`);

--
-- Indexes for table `t_packing`
--
ALTER TABLE `t_packing`
  ADD PRIMARY KEY (`packing_id`);

--
-- Indexes for table `t_packing_barang`
--
ALTER TABLE `t_packing_barang`
  ADD PRIMARY KEY (`packing_barang_id`);

--
-- Indexes for table `t_pajak`
--
ALTER TABLE `t_pajak`
  ADD PRIMARY KEY (`pajak_id`);

--
-- Indexes for table `t_peleburan`
--
ALTER TABLE `t_peleburan`
  ADD PRIMARY KEY (`peleburan_id`);

--
-- Indexes for table `t_peleburan_barang`
--
ALTER TABLE `t_peleburan_barang`
  ADD PRIMARY KEY (`peleburan_barang_id`);

--
-- Indexes for table `t_pembelian`
--
ALTER TABLE `t_pembelian`
  ADD PRIMARY KEY (`pembelian_id`);

--
-- Indexes for table `t_pembelian_barang`
--
ALTER TABLE `t_pembelian_barang`
  ADD PRIMARY KEY (`pembelian_barang_id`);

--
-- Indexes for table `t_pembelian_umum`
--
ALTER TABLE `t_pembelian_umum`
  ADD PRIMARY KEY (`pembelian_umum_id`);

--
-- Indexes for table `t_pembelian_umum_barang`
--
ALTER TABLE `t_pembelian_umum_barang`
  ADD PRIMARY KEY (`pembelian_umum_barang_id`);

--
-- Indexes for table `t_penjualan`
--
ALTER TABLE `t_penjualan`
  ADD PRIMARY KEY (`penjualan_id`);

--
-- Indexes for table `t_penjualan_barang`
--
ALTER TABLE `t_penjualan_barang`
  ADD PRIMARY KEY (`penjualan_barang_id`);

--
-- Indexes for table `t_penyesuaian`
--
ALTER TABLE `t_penyesuaian`
  ADD PRIMARY KEY (`penyesuaian_id`);

--
-- Indexes for table `t_penyesuaian_barang`
--
ALTER TABLE `t_penyesuaian_barang`
  ADD PRIMARY KEY (`penyesuaian_barang_id`);

--
-- Indexes for table `t_pewarnaan`
--
ALTER TABLE `t_pewarnaan`
  ADD PRIMARY KEY (`pewarnaan_id`);

--
-- Indexes for table `t_pewarnaan_barang`
--
ALTER TABLE `t_pewarnaan_barang`
  ADD PRIMARY KEY (`pewarnaan_barang_id`);

--
-- Indexes for table `t_produk`
--
ALTER TABLE `t_produk`
  ADD PRIMARY KEY (`produk_id`);

--
-- Indexes for table `t_produksi`
--
ALTER TABLE `t_produksi`
  ADD PRIMARY KEY (`produksi_id`);

--
-- Indexes for table `t_produksi_barang`
--
ALTER TABLE `t_produksi_barang`
  ADD PRIMARY KEY (`produksi_barang_id`);

--
-- Indexes for table `t_produk_barang`
--
ALTER TABLE `t_produk_barang`
  ADD PRIMARY KEY (`produk_barang_id`);

--
-- Indexes for table `t_rekening`
--
ALTER TABLE `t_rekening`
  ADD PRIMARY KEY (`rekening_id`);

--
-- Indexes for table `t_satuan`
--
ALTER TABLE `t_satuan`
  ADD PRIMARY KEY (`satuan_id`);

--
-- Indexes for table `t_user`
--
ALTER TABLE `t_user`
  ADD PRIMARY KEY (`user_id`);

--
-- Indexes for table `t_warna`
--
ALTER TABLE `t_warna`
  ADD PRIMARY KEY (`warna_id`);

--
-- Indexes for table `t_warna_jenis`
--
ALTER TABLE `t_warna_jenis`
  ADD PRIMARY KEY (`warna_jenis_id`);

--
-- AUTO_INCREMENT for dumped tables
--

--
-- AUTO_INCREMENT for table `t_bahan`
--
ALTER TABLE `t_bahan`
  MODIFY `bahan_id` int(11) NOT NULL AUTO_INCREMENT, AUTO_INCREMENT=14;

--
-- AUTO_INCREMENT for table `t_bank`
--
ALTER TABLE `t_bank`
  MODIFY `bank_id` int(11) NOT NULL AUTO_INCREMENT, AUTO_INCREMENT=142;

--
-- AUTO_INCREMENT for table `t_billet`
--
ALTER TABLE `t_billet`
  MODIFY `billet_id` int(11) NOT NULL AUTO_INCREMENT, AUTO_INCREMENT=4;

--
-- AUTO_INCREMENT for table `t_coa`
--
ALTER TABLE `t_coa`
  MODIFY `coa_id` int(11) NOT NULL AUTO_INCREMENT, AUTO_INCREMENT=11;

--
-- AUTO_INCREMENT for table `t_coa_sub`
--
ALTER TABLE `t_coa_sub`
  MODIFY `coa_sub_id` int(11) NOT NULL AUTO_INCREMENT, AUTO_INCREMENT=6;

--
-- AUTO_INCREMENT for table `t_jurnal`
--
ALTER TABLE `t_jurnal`
  MODIFY `jurnal_id` int(11) NOT NULL AUTO_INCREMENT, AUTO_INCREMENT=309;

--
-- AUTO_INCREMENT for table `t_karyawan`
--
ALTER TABLE `t_karyawan`
  MODIFY `karyawan_id` int(11) NOT NULL AUTO_INCREMENT, AUTO_INCREMENT=6;

--
-- AUTO_INCREMENT for table `t_kontak`
--
ALTER TABLE `t_kontak`
  MODIFY `kontak_id` int(11) NOT NULL AUTO_INCREMENT, AUTO_INCREMENT=16;

--
-- AUTO_INCREMENT for table `t_level`
--
ALTER TABLE `t_level`
  MODIFY `level_id` int(11) NOT NULL AUTO_INCREMENT, AUTO_INCREMENT=4;

--
-- AUTO_INCREMENT for table `t_logo`
--
ALTER TABLE `t_logo`
  MODIFY `logo_id` int(11) NOT NULL AUTO_INCREMENT, AUTO_INCREMENT=2;

--
-- AUTO_INCREMENT for table `t_mesin`
--
ALTER TABLE `t_mesin`
  MODIFY `mesin_id` int(11) NOT NULL AUTO_INCREMENT, AUTO_INCREMENT=7;

--
-- AUTO_INCREMENT for table `t_packing`
--
ALTER TABLE `t_packing`
  MODIFY `packing_id` int(11) NOT NULL AUTO_INCREMENT, AUTO_INCREMENT=4;

--
-- AUTO_INCREMENT for table `t_packing_barang`
--
ALTER TABLE `t_packing_barang`
  MODIFY `packing_barang_id` int(11) NOT NULL AUTO_INCREMENT, AUTO_INCREMENT=7;

--
-- AUTO_INCREMENT for table `t_pajak`
--
ALTER TABLE `t_pajak`
  MODIFY `pajak_id` int(11) NOT NULL AUTO_INCREMENT, AUTO_INCREMENT=3;

--
-- AUTO_INCREMENT for table `t_peleburan`
--
ALTER TABLE `t_peleburan`
  MODIFY `peleburan_id` int(11) NOT NULL AUTO_INCREMENT, AUTO_INCREMENT=18;

--
-- AUTO_INCREMENT for table `t_peleburan_barang`
--
ALTER TABLE `t_peleburan_barang`
  MODIFY `peleburan_barang_id` int(11) NOT NULL AUTO_INCREMENT, AUTO_INCREMENT=155;

--
-- AUTO_INCREMENT for table `t_pembelian`
--
ALTER TABLE `t_pembelian`
  MODIFY `pembelian_id` int(11) NOT NULL AUTO_INCREMENT, AUTO_INCREMENT=68;

--
-- AUTO_INCREMENT for table `t_pembelian_barang`
--
ALTER TABLE `t_pembelian_barang`
  MODIFY `pembelian_barang_id` int(11) NOT NULL AUTO_INCREMENT, AUTO_INCREMENT=389;

--
-- AUTO_INCREMENT for table `t_pembelian_umum`
--
ALTER TABLE `t_pembelian_umum`
  MODIFY `pembelian_umum_id` int(11) NOT NULL AUTO_INCREMENT, AUTO_INCREMENT=12;

--
-- AUTO_INCREMENT for table `t_pembelian_umum_barang`
--
ALTER TABLE `t_pembelian_umum_barang`
  MODIFY `pembelian_umum_barang_id` int(11) NOT NULL AUTO_INCREMENT, AUTO_INCREMENT=31;

--
-- AUTO_INCREMENT for table `t_penjualan`
--
ALTER TABLE `t_penjualan`
  MODIFY `penjualan_id` int(11) NOT NULL AUTO_INCREMENT, AUTO_INCREMENT=100;

--
-- AUTO_INCREMENT for table `t_penjualan_barang`
--
ALTER TABLE `t_penjualan_barang`
  MODIFY `penjualan_barang_id` int(11) NOT NULL AUTO_INCREMENT, AUTO_INCREMENT=390;

--
-- AUTO_INCREMENT for table `t_penyesuaian`
--
ALTER TABLE `t_penyesuaian`
  MODIFY `penyesuaian_id` int(11) NOT NULL AUTO_INCREMENT, AUTO_INCREMENT=27;

--
-- AUTO_INCREMENT for table `t_penyesuaian_barang`
--
ALTER TABLE `t_penyesuaian_barang`
  MODIFY `penyesuaian_barang_id` int(11) NOT NULL AUTO_INCREMENT, AUTO_INCREMENT=40;

--
-- AUTO_INCREMENT for table `t_pewarnaan`
--
ALTER TABLE `t_pewarnaan`
  MODIFY `pewarnaan_id` int(11) NOT NULL AUTO_INCREMENT, AUTO_INCREMENT=41;

--
-- AUTO_INCREMENT for table `t_pewarnaan_barang`
--
ALTER TABLE `t_pewarnaan_barang`
  MODIFY `pewarnaan_barang_id` int(11) NOT NULL AUTO_INCREMENT, AUTO_INCREMENT=64;

--
-- AUTO_INCREMENT for table `t_produk`
--
ALTER TABLE `t_produk`
  MODIFY `produk_id` int(11) NOT NULL AUTO_INCREMENT, AUTO_INCREMENT=15;

--
-- AUTO_INCREMENT for table `t_produksi`
--
ALTER TABLE `t_produksi`
  MODIFY `produksi_id` int(11) NOT NULL AUTO_INCREMENT, AUTO_INCREMENT=108;

--
-- AUTO_INCREMENT for table `t_produksi_barang`
--
ALTER TABLE `t_produksi_barang`
  MODIFY `produksi_barang_id` int(11) NOT NULL AUTO_INCREMENT, AUTO_INCREMENT=363;

--
-- AUTO_INCREMENT for table `t_produk_barang`
--
ALTER TABLE `t_produk_barang`
  MODIFY `produk_barang_id` int(11) NOT NULL AUTO_INCREMENT, AUTO_INCREMENT=293;

--
-- AUTO_INCREMENT for table `t_rekening`
--
ALTER TABLE `t_rekening`
  MODIFY `rekening_id` int(11) NOT NULL AUTO_INCREMENT, AUTO_INCREMENT=7;

--
-- AUTO_INCREMENT for table `t_satuan`
--
ALTER TABLE `t_satuan`
  MODIFY `satuan_id` int(11) NOT NULL AUTO_INCREMENT, AUTO_INCREMENT=9;

--
-- AUTO_INCREMENT for table `t_user`
--
ALTER TABLE `t_user`
  MODIFY `user_id` int(11) NOT NULL AUTO_INCREMENT, AUTO_INCREMENT=85;

--
-- AUTO_INCREMENT for table `t_warna`
--
ALTER TABLE `t_warna`
  MODIFY `warna_id` int(11) NOT NULL AUTO_INCREMENT, AUTO_INCREMENT=12;

--
-- AUTO_INCREMENT for table `t_warna_jenis`
--
ALTER TABLE `t_warna_jenis`
  MODIFY `warna_jenis_id` int(11) NOT NULL AUTO_INCREMENT, AUTO_INCREMENT=5;
COMMIT;

/*!40101 SET CHARACTER_SET_CLIENT=@OLD_CHARACTER_SET_CLIENT */;
/*!40101 SET CHARACTER_SET_RESULTS=@OLD_CHARACTER_SET_RESULTS */;
/*!40101 SET COLLATION_CONNECTION=@OLD_COLLATION_CONNECTION */;
